bias,seed,reliance,predicted_drop,in_dist,ood,actual_drop,error
0.95,0,0.26573217,0.0005551486974582076,0.8610439179869708,0.8618391920500573,0.0007952740630865485,-0.00024012536562834086
0.95,1,0.24913001,0.0005031093023717403,0.861698750706126,0.8620256733473006,0.00032692264117462067,0.00017618666119711968
0.95,2,0.24244565,0.0004821571346838027,0.8619254869508356,0.862294928544575,0.0003694415937394169,0.00011271554094438585
0.99,0,0.3331953,0.0007666120072826743,0.861060465833728,0.8621358327543848,0.001075366920656795,-0.00030875491337412075
0.99,1,0.343575,0.0007991471793502569,0.8616100580498225,0.8622679014502591,0.0006578434004366196,0.00014130377891363732
0.99,2,0.34824097,0.0008137726690620184,0.8617459359239339,0.8626321767476688,0.0008862408237348962,-7.246815467287782e-05
